,0
0.95,"[ 0.01324768  0.02462029  0.01170329  0.02857353  0.          0.00290546
  0.          0.          0.01473894  0.02392833  0.00504355  0.00312699
  0.00980655  0.00152556  0.00695185  0.01334554  0.03208825  0.01098017
  0.00620733  0.00831732  0.01291408  0.00802304  0.01138283  0.01452233
  0.01156647  0.01114549  0.00143678  0.02324672  0.01217106  0.
  0.01190654  0.00565718  0.01455863  0.01932059  0.00863058  0.00241952
  0.01581277 -0.00024823  0.          0.00766833  0.00595977  0.0055977
  0.01623595  0.00538134  0.00586142  0.01571189  0.01052645  0.01384596
  0.0083681   0.00689329  0.          0.0051779   0.00426973  0.
  0.01311433  0.00936585  0.0041738   0.0165596   0.01253274  0.00890981
  0.01161842  0.00470548  0.0158001   0.          0.01378426  0.01081508
  0.          0.00204462  0.01509537  0.0006365   0.00422997  0.01514008
  0.01072409  0.01626605  0.00284923  0.02254915  0.01798484  0.01149106
 -0.00076205  0.02140942  0.01354227  0.          0.00595906  0.00556533
  0.02392861  0.0137276   0.01107698  0.01597455  0.01121004  0.01209338
  0.          0.01840218  0.00262403  0.01130496  0.00650413  0.01849415
  0.00719638  0.02550562  0.01207168  0.0107064 ]"
0.9,"[ 1.34471131e-02  2.23233639e-02  1.16200812e-02  2.76019197e-02
  0.00000000e+00  3.07528886e-03  0.00000000e+00  0.00000000e+00
  1.40765445e-02  2.35543947e-02  5.81824054e-03  2.81519623e-03
  9.96053404e-03  2.14046325e-03  6.85175891e-03  1.40112847e-02
  3.20914339e-02  1.09779713e-02  6.44568819e-03  8.17088800e-03
  1.32073231e-02  8.42104286e-03  1.06073209e-02  1.44714635e-02
  1.28045801e-02  1.21364437e-02  1.32779539e-03  2.38632768e-02
  1.19991939e-02  0.00000000e+00  1.12080562e-02  6.38911595e-03
  1.39959288e-02  1.90641841e-02  8.46077649e-03  2.17467762e-03
  1.58628851e-02 -1.87436533e-04  0.00000000e+00  7.32941914e-03
  5.55150140e-03  5.60994374e-03  1.66593843e-02  5.82574496e-03
  5.45087728e-03  1.61821866e-02  1.09190141e-02  1.39725060e-02
  7.98112687e-03  7.07730890e-03  9.98573731e-06  5.00179547e-03
  4.76332520e-03  0.00000000e+00  1.30975961e-02  9.32025778e-03
  4.34708765e-03  1.60880816e-02  1.23728878e-02  5.38367314e-03
  1.12650445e-02  4.99906087e-03  1.66574599e-02 -2.08175598e-04
  1.41238100e-02  1.00355770e-02 -6.64515627e-04  2.00309608e-03
  1.56742025e-02  4.32395737e-04  3.96774850e-03  1.55144206e-02
  1.06266851e-02  1.76123714e-02  3.22858787e-03  2.27995942e-02
  1.77099627e-02  1.18947205e-02 -1.35752551e-03  2.18352550e-02
  1.31967524e-02  0.00000000e+00  5.97946940e-03  4.77639430e-03
  2.42063063e-02  1.35036617e-02  1.11962508e-02  1.60003888e-02
  1.12396535e-02  1.25452382e-02  0.00000000e+00  1.81026499e-02
  3.14456970e-03  1.14142864e-02  6.15454777e-03  1.84442055e-02
  7.98362741e-03  2.59093794e-02  1.26545335e-02  1.16658122e-02]"
0.85,"[ 0.01345825  0.02189911  0.0111996   0.02789567  0.          0.00337849
  0.00037223  0.          0.01414381  0.02392325  0.00649007  0.00257721
  0.01067216  0.00220506  0.00735796  0.0144851   0.03217422  0.01072783
  0.00685971  0.00796883  0.01283429  0.00881483  0.01068889  0.01441783
  0.01109469  0.01262294  0.00097833  0.02407232  0.01200234  0.
  0.01150414  0.00719517  0.0138009   0.01912325  0.00875405  0.00141639
  0.01528137 -0.00067225  0.          0.00743218  0.0058812   0.00547581
  0.01678911  0.00567583  0.00586767  0.01642253  0.01098093  0.01431361
  0.00778927  0.00727729  0.00039897  0.00488117  0.00470001  0.
  0.01337886  0.00894921  0.00417725  0.01541792  0.01212539  0.00580565
  0.01125946  0.00516045  0.018392   -0.00035472  0.01203399  0.00947433
 -0.00089226  0.00185365  0.01503335  0.00065283  0.00409748  0.01511756
  0.01001651  0.01942725  0.00363537  0.02297407  0.01736332  0.01168601
 -0.00202349  0.02185356  0.01307743  0.          0.00590177  0.0042461
  0.02456185  0.01315268  0.01135627  0.0163268   0.01162489  0.01197735
  0.          0.0171787   0.00367301  0.01168165  0.00562009  0.01899141
  0.00828601  0.02555868  0.01293404  0.01163264]"
0.8,"[ 0.01383412  0.02481077  0.01098162  0.02776123  0.          0.00327547
  0.          0.          0.01394762  0.0238779   0.00655557  0.00278997
  0.01064226  0.00249905  0.00728113  0.01438722  0.0318861   0.01095386
  0.00698181  0.0078503   0.01289088  0.00900411  0.01041851  0.01449772
  0.0114497   0.01255495  0.00118966  0.02411777  0.01219957  0.
  0.01134275  0.00710624  0.01370376  0.01912251  0.00918972  0.00180153
  0.01497015 -0.0011825  -0.00018052  0.00783199  0.006097    0.00550381
  0.01677759  0.00578879  0.00620975  0.01639461  0.01061959  0.01456935
  0.00737035  0.00688459  0.0006339   0.00489261  0.00482277 -0.00053503
  0.01377019  0.0087838   0.00427875  0.01539487  0.01240908  0.00569227
  0.01119819  0.00540619  0.01779425 -0.00039956  0.01127296  0.00938053
 -0.00096238  0.00147994  0.01493865  0.00117153  0.00424948  0.0150245
  0.0099587   0.01884599  0.00361462  0.02333714  0.01752496  0.01180203
 -0.00225308  0.02175279  0.01341846  0.          0.00586927  0.00416663
  0.02469806  0.01314572  0.01144387  0.01638732  0.01148794  0.01168789
  0.          0.01740793  0.00329774  0.01091975  0.00516039  0.01880646
  0.00816203  0.02575926  0.01303786  0.01130286]"
0.75,"[ 1.42465542e-02  2.51842062e-02  1.12880258e-02  2.53266993e-02
  0.00000000e+00  3.11332279e-03  0.00000000e+00  0.00000000e+00
  1.36701142e-02  2.37674714e-02  7.17550570e-03  3.54754910e-03
  1.04289107e-02  2.46869055e-03  7.41082900e-03  1.49477183e-02
  3.15027767e-02  1.14828741e-02  6.63377782e-03  8.15372962e-03
  1.29885581e-02  9.24369948e-03  1.06346722e-02  1.47836062e-02
  1.17631085e-02  1.26952639e-02  1.36156024e-03  2.47025768e-02
  1.21463644e-02  0.00000000e+00  1.09620749e-02  7.01524460e-03
  1.33414464e-02  1.82950480e-02  9.49666396e-03  1.79893290e-03
  1.51007949e-02 -1.19101176e-03 -9.18681169e-04  8.25063071e-03
  6.25408563e-03  5.77266313e-03  1.70845143e-02  6.26781267e-03
  6.72204315e-03  1.69971836e-02  1.07288291e-02  1.43124361e-02
  7.05492268e-03  6.59245235e-03  8.45314640e-04  4.91094160e-03
  4.56830183e-03 -4.43593671e-04  1.44736027e-02  7.51068296e-03
  4.62597179e-03  1.50697346e-02  1.29875009e-02  5.96286170e-03
  1.12241695e-02  5.90447550e-03  1.67340701e-02 -7.91070735e-04
  1.11432153e-02  9.49777875e-03 -1.35723393e-03  1.22645184e-03
  1.43914783e-02  1.63672272e-03  4.66463982e-03  1.56875546e-02
  1.01876281e-02  1.72147618e-02  3.26508809e-03  2.35062632e-02
  1.81179818e-02  1.19598757e-02 -2.45497862e-03  2.15945480e-02
  1.36968172e-02  0.00000000e+00  5.82695431e-03  4.42324172e-03
  2.47736088e-02  1.27161944e-02  1.15140047e-02  1.68626202e-02
  1.11070225e-02  1.18411952e-02  4.78794462e-05  1.78345665e-02
  3.16780547e-03  1.01572261e-02  4.83104395e-03  1.89421943e-02
  7.83443327e-03  2.58509840e-02  1.27960645e-02  1.13051532e-02]"
0.7,"[ 0.01428271  0.02452462  0.01148591  0.02484801  0.          0.00303426
  0.          0.          0.01337918  0.02375614  0.00730075  0.00371671
  0.01056003  0.00245672  0.00748549  0.01504762  0.03117255  0.01191095
  0.00680136  0.00836846  0.0129482   0.00972543  0.01065152  0.01462998
  0.01193931  0.01298259  0.00155066  0.02518511  0.01181618 -0.00017784
  0.01071636  0.00694254  0.01305411  0.01612222  0.0092798   0.00161464
  0.01485566 -0.00132056 -0.00144547  0.00834206  0.00623672  0.00588761
  0.0172685   0.0058974   0.00686298  0.01745941  0.01089346  0.01405613
  0.00716596  0.00686043  0.00091251  0.00480447  0.00458318 -0.00042617
  0.01421202  0.00752999  0.00485346  0.01504991  0.01302205  0.00607801
  0.01117944  0.00607224  0.01623918 -0.0011571   0.01138676  0.00962477
 -0.00159764  0.00079169  0.01399661  0.0019123   0.00467799  0.01593202
  0.01042175  0.01693758  0.00323129  0.02364027  0.01847491  0.01199164
 -0.00281621  0.02284979  0.01376102  0.          0.00575465  0.00439643
  0.02463964  0.01241808  0.01167066  0.01734951  0.01112301  0.01236648
  0.          0.01803635  0.00372963  0.01009874  0.00491546  0.01937815
  0.00772932  0.0257814   0.01240484  0.01190534]"
0.65,"[ 1.46739464e-02  2.46879053e-02  1.15637822e-02  2.50860327e-02
  0.00000000e+00  2.83310717e-03  0.00000000e+00  0.00000000e+00
  1.33514213e-02  2.39642802e-02  7.37490940e-03  3.72167023e-03
  1.04915778e-02  2.43091500e-03  7.66593463e-03  1.53757261e-02
  3.11012959e-02  1.21601230e-02  6.91383113e-03  7.99812712e-03
  1.27341551e-02  9.93742848e-03  1.07287870e-02  1.47416868e-02
  1.17061372e-02  1.29266042e-02  1.82625768e-03  2.55353123e-02
  1.16650661e-02 -5.14418301e-04  1.04883157e-02  7.15559090e-03
  1.27651580e-02  1.56992652e-02  9.39966087e-03  1.10545178e-03
  1.44307526e-02 -1.29845180e-03 -1.79997237e-03  8.40560648e-03
  6.38692106e-03  5.72610572e-03  1.72566108e-02  5.72620551e-03
  7.11136816e-03  1.80106651e-02  1.07868908e-02  1.38327554e-02
  7.30191172e-03  6.74327678e-03  9.34125512e-04  4.78505382e-03
  4.47780148e-03 -7.13927962e-04  1.43257300e-02  6.10814558e-03
  4.87083108e-03  1.50146179e-02  1.33382025e-02  5.95538545e-03
  1.10516219e-02  6.29620839e-03  1.65236289e-02 -1.28084747e-03
  1.14945744e-02  9.45868030e-03 -1.80456416e-03  6.21419587e-04
  1.30898195e-02  2.24642373e-03  4.35595522e-03  1.58921463e-02
  1.03313390e-02  1.66491408e-02  3.15146239e-03  2.38873441e-02
  1.88970662e-02  1.21972411e-02 -3.38530213e-03  2.35636589e-02
  1.38907426e-02  0.00000000e+00  5.97078510e-03  4.29015750e-03
  2.50249246e-02  1.23675850e-02  1.19613147e-02  1.75122092e-02
  1.23564967e-02  1.23142914e-02  2.39437213e-06  1.80126084e-02
  3.93062623e-03  9.80245644e-03  4.61170212e-03  1.96493889e-02
  7.78254274e-03  2.56428441e-02  1.24272372e-02  1.22010195e-02]"
0.6,"[ 1.48873629e-02  2.43389961e-02  1.15004762e-02  2.60192927e-02
 -1.07019275e-05  2.95364476e-03  0.00000000e+00  0.00000000e+00
  1.35560664e-02  2.40493006e-02  7.37615054e-03  3.50758995e-03
  1.07668358e-02  2.42988611e-03  8.20436804e-03  1.55778333e-02
  3.10495195e-02  1.23286365e-02  7.15739372e-03  7.63098442e-03
  1.25240117e-02  1.01382642e-02  1.07908871e-02  1.47414429e-02
  1.15820351e-02  1.28694154e-02  1.96497798e-03  2.55397108e-02
  1.11707321e-02 -1.11619190e-03  9.85310337e-03  7.26852457e-03
  1.25698365e-02  1.56695200e-02  9.61418737e-03  9.06224270e-04
  1.41972828e-02 -1.21846590e-03 -1.99394718e-03  8.54434358e-03
  6.37554359e-03  5.39739676e-03  1.73652880e-02  5.51096037e-03
  7.24083010e-03  1.84028137e-02  1.08539206e-02  1.37756888e-02
  7.31611876e-03  7.03314580e-03  9.00835195e-04  4.60754377e-03
  4.59236262e-03 -1.07495019e-03  1.42201035e-02  6.08959737e-03
  4.89323628e-03  1.48822010e-02  1.36590738e-02  5.84827610e-03
  1.11142299e-02  6.51027324e-03  1.72045626e-02 -1.39782034e-03
  1.14651910e-02  8.99315195e-03 -2.04952975e-03  3.70827652e-04
  1.16824531e-02  2.09392698e-03  4.06181266e-03  1.56725579e-02
  9.98216871e-03  1.67538531e-02  3.20584352e-03  2.40821262e-02
  1.89849672e-02  1.25430697e-02 -3.82848117e-03  2.32257390e-02
  1.41078413e-02 -1.01779655e-05  6.16275425e-03  3.92377378e-03
  2.54729046e-02  1.26664747e-02  1.23623510e-02  1.76435411e-02
  1.32598131e-02  1.23020553e-02  0.00000000e+00  1.78103614e-02
  4.19258339e-03  9.60832243e-03  4.45584905e-03  1.99034263e-02
  7.97958494e-03  2.54829123e-02  1.27586469e-02  1.24165426e-02]"
0.55,"[ 0.01495241  0.02405127  0.01120391  0.02683824 -0.0001456   0.003177
  0.          0.          0.01328423  0.02410881  0.00739986  0.00324783
  0.01093905  0.00254883  0.00864969  0.0157861   0.03110345  0.01251572
  0.00747663  0.0073198   0.01225187  0.01014813  0.01064924  0.01455056
  0.0117904   0.01306143  0.00181479  0.02585556  0.01100639 -0.00161386
  0.00878206  0.00741318  0.01236144  0.01576984  0.00981443  0.00064287
  0.01393336 -0.00122608 -0.00199246  0.00868786  0.00733992  0.00514827
  0.01731336  0.00531047  0.00735153  0.01871004  0.01094176  0.01414427
  0.00724096  0.00722042  0.00095682  0.00430523  0.00477829 -0.00138
  0.0141738   0.00616665  0.00510815  0.01439937  0.01359697  0.00560542
  0.01102388  0.00656983  0.0187472  -0.00159038  0.01143424  0.00856005
 -0.00224442  0.          0.01170684  0.00180785  0.00409368  0.01543534
  0.00979229  0.01687164  0.00326106  0.02426377  0.01892064  0.01295041
 -0.00440973  0.02292945  0.01424254 -0.00012662  0.00627454  0.00325775
  0.02564693  0.01234261  0.01239977  0.01764536  0.01359182  0.01233316
  0.          0.01754213  0.00439661  0.00935279  0.00413654  0.02014197
  0.00823113  0.02556293  0.01333954  0.0129749 ]"
0.5,"[ 0.01492773  0.0233376   0.01138109  0.02525894 -0.00045273  0.00324803
  0.          0.          0.01299519  0.02410805  0.00793394  0.00390868
  0.0110286   0.00240037  0.00865815  0.01622399  0.03090196  0.01301876
  0.00733814  0.00756166  0.01246373  0.01052078  0.01097155  0.01478126
  0.01188495  0.01331036  0.00197106  0.02637018  0.01074122 -0.00170783
  0.00885251  0.00736929  0.01202626  0.01547899  0.00980314  0.00041557
  0.01412049 -0.00125298 -0.00208964  0.0088554   0.0071151   0.00525646
  0.01765374  0.00550872  0.00761134  0.01889858  0.01103259  0.0138285
  0.00681811  0.00708391  0.00121329  0.00415656  0.00477744 -0.00137533
  0.01429764  0.00588448  0.00520292  0.0142394   0.01385838  0.0059876
  0.01114888  0.00686908  0.01734655 -0.00208667  0.01147035  0.00835568
 -0.00255078  0.          0.01145088  0.00206564  0.00407864  0.0159967
  0.0098481   0.01703097  0.00309653  0.02432658  0.01928662  0.01317083
 -0.00470261  0.02289975  0.01456408 -0.00061     0.00639559  0.00351399
  0.02579939  0.01107836  0.0123118   0.0180073   0.01300407  0.01256139
  0.          0.01778905  0.00464315  0.00918617  0.00402663  0.02049029
  0.00827032  0.02587229  0.01313706  0.01314351]"
0.45,"[ 0.01499324  0.02152323  0.0111194   0.0250268  -0.00062826  0.00348253
  0.          0.          0.01262108  0.02412024  0.00825217  0.00393054
  0.01141388  0.00223889  0.00909565  0.01675473  0.03099834  0.0131813
  0.00741493  0.00721481  0.01209971  0.01091269  0.01134802  0.01468462
  0.01221584  0.01375812  0.00189707  0.0265869   0.01035722 -0.00211719
  0.00876141  0.00759802  0.01046728  0.01536861  0.01004866  0.0002463
  0.01411403 -0.00113388 -0.00236943  0.00899456  0.00811725  0.00508414
  0.01805882  0.00561757  0.00769754  0.01935357  0.01144985  0.01391372
  0.00643013  0.00737672  0.00135329  0.00373716  0.00467423 -0.00119747
  0.01451903  0.00566546  0.00546651  0.01342584  0.01409342  0.00644836
  0.0115487   0.00708974  0.01826011 -0.00269968  0.01101169  0.00758836
 -0.00287079  0.          0.01128667  0.00149083  0.0041809   0.01608277
  0.00993906  0.01733695  0.00327196  0.02447125  0.01937004  0.01360769
 -0.00494486  0.02119173  0.01488549 -0.00100712  0.00630435  0.00325967
  0.02599979  0.01107111  0.01244061  0.01821643  0.01306685  0.01258082
  0.          0.01744196  0.00486025  0.00919699  0.00369631  0.02117897
  0.00825878  0.02609667  0.01359525  0.01376652]"
0.4,"[ 1.50289678e-02  2.18456954e-02  1.00502022e-02  2.70001675e-02
 -6.75575029e-04  3.61413108e-03 -3.44166627e-04 -4.98297123e-05
  1.25749790e-02  2.43944475e-02  7.96803293e-03  3.84678161e-03
  1.14862339e-02  2.48808462e-03  9.14928496e-03  1.66529511e-02
  3.08093263e-02  1.32076551e-02  7.53877955e-03  6.87675654e-03
  1.21062017e-02  1.11693182e-02  1.11633299e-02  1.45023063e-02
  1.20087416e-02  1.36400921e-02  2.58526642e-03  2.62238434e-02
  1.03194661e-02 -2.36972224e-03  9.03679259e-03  7.53168098e-03
  1.14430340e-02  1.58195619e-02  1.01879658e-02  3.14210663e-04
  1.38757571e-02 -1.33101594e-03 -2.04593129e-03  8.98598972e-03
  8.00192881e-03  4.79107518e-03  1.77465737e-02  5.31106297e-03
  7.51440829e-03  1.91250640e-02  1.12476548e-02  1.41544884e-02
  6.30063515e-03  7.34850777e-03  1.38109303e-03  3.58465626e-03
  4.98965739e-03 -1.82189777e-03  1.45370822e-02  6.03694773e-03
  5.43561023e-03  1.36638592e-02  1.38304229e-02  6.29096385e-03
  1.17805025e-02  7.02524011e-03  1.77974837e-02 -2.76056538e-03
  1.12247181e-02  7.16711313e-03 -3.13228090e-03  0.00000000e+00
  1.15504719e-02  1.72514059e-03  3.70043560e-03  1.57200693e-02
  9.78737306e-03  1.77019887e-02  3.31338720e-03  2.45483492e-02
  1.93843734e-02  1.37951850e-02 -5.26394333e-03  2.11622368e-02
  1.51307243e-02 -1.56142105e-03  6.66922116e-03  3.06001473e-03
  2.62063301e-02  1.09311650e-02  1.25436178e-02  1.82710631e-02
  1.31571988e-02  1.25273941e-02  0.00000000e+00  1.75928082e-02
  5.09972582e-03  9.13724351e-03  3.57999359e-03  2.08993157e-02
  8.51444279e-03  2.61904427e-02  1.39292418e-02  1.37946101e-02]"
0.35,"[ 1.50353988e-02  2.16228470e-02  9.92014474e-03  2.72163946e-02
 -9.64728584e-04  3.81300100e-03 -5.42374696e-04 -9.99756886e-05
  1.23822776e-02  2.46325561e-02  8.26958640e-03  3.80965964e-03
  1.16835402e-02  2.67888224e-03  9.19831292e-03  1.69305658e-02
  3.06909968e-02  1.30938508e-02  7.73576981e-03  6.50321066e-03
  1.20924974e-02  1.15171622e-02  1.12646852e-02  1.44874243e-02
  1.19683631e-02  1.37891369e-02  3.00891250e-03  2.62615643e-02
  1.02179626e-02 -2.63117244e-03  9.04918811e-03  7.78634564e-03
  1.11116539e-02  1.60050268e-02  1.02822220e-02  1.37431331e-05
  1.36585199e-02 -1.62028047e-03 -1.83849243e-03  9.02775802e-03
  7.78371250e-03  4.52697372e-03  1.78541560e-02  5.11602198e-03
  7.28600021e-03  1.92346573e-02  1.12852485e-02  1.42117521e-02
  5.97269207e-03  7.30171816e-03  1.51924103e-03  3.32391746e-03
  5.33391365e-03 -2.26557249e-03  1.45847651e-02  5.95372998e-03
  5.34541982e-03  1.34470504e-02  1.37268568e-02  6.12579951e-03
  1.20598428e-02  7.07997021e-03  1.79271356e-02 -2.88067996e-03
  1.13513225e-02  6.58551000e-03 -3.54397914e-03  0.00000000e+00
  1.16042320e-02  1.58419717e-03  3.40036220e-03  1.57284265e-02
  9.61891466e-03  1.89762072e-02  3.32687087e-03  2.46202158e-02
  1.92729810e-02  1.38825233e-02 -5.56908898e-03  2.11298575e-02
  1.53717340e-02 -1.93856505e-03  6.69986061e-03  2.76288423e-03
  2.64083516e-02  1.08330321e-02  1.27157429e-02  1.81337417e-02
  1.29904713e-02  1.24745847e-02 -2.64454151e-06  1.75005591e-02
  5.37782227e-03  9.08857230e-03  3.10792851e-03  2.09131631e-02
  8.86414337e-03  2.64221339e-02  1.52322291e-02  1.41592429e-02]"
0.3,"[ 0.01532378  0.0217256   0.01028195  0.0267348  -0.00094949  0.00382021
 -0.00074887 -0.00031867  0.01235183  0.02451523  0.00856807  0.00394303
  0.0118961   0.00284143  0.00949304  0.01736065  0.03063778  0.01367244
  0.00766093  0.00636284  0.01185945  0.01170516  0.01123785  0.01544538
  0.01219752  0.01381889  0.00318438  0.02642797  0.0098473  -0.00307359
  0.00876546  0.00755194  0.00990842  0.0159853   0.01054017  0.
  0.01343191 -0.00170594 -0.00228113  0.00902131  0.00749852  0.00392978
  0.01834685  0.00523051  0.00759149  0.01941641  0.01107733  0.01409021
  0.00596377  0.00735131  0.00152774  0.00308516  0.00524957 -0.00246039
  0.0147315   0.00577064  0.00552572  0.01311122  0.01439712  0.00614139
  0.0118865   0.00817227  0.01783837 -0.00330437  0.0112743   0.0063621
 -0.00380054  0.          0.01148752  0.001643    0.00323219  0.01607388
  0.00943098  0.01835806  0.00328433  0.02507429  0.0196521   0.01426169
 -0.00555596  0.02095578  0.01572527 -0.00204364  0.00679044  0.00277027
  0.02701589  0.01102034  0.01272348  0.01826411  0.01281022  0.01266812
 -0.00034638  0.01755911  0.00520919  0.00837401  0.00287207  0.02110154
  0.00870593  0.02668379  0.01502512  0.01412833]"
0.25,"[ 0.0154615   0.0218376   0.01033889  0.02651425 -0.00113828  0.00407364
 -0.00097093 -0.00043921  0.01232492  0.0244792   0.00880979  0.00395722
  0.01201225  0.00366961  0.00981182  0.01755951  0.03050617  0.01371642
  0.00770738  0.00622397  0.01195815  0.01189025  0.01116117  0.01535025
  0.01230206  0.01396619  0.00309282  0.02652412  0.00965914 -0.00336149
  0.00861661  0.00772756  0.00991382  0.01595522  0.01064045  0.
  0.01341184 -0.00185296 -0.00250471  0.00905665  0.0071866   0.00350014
  0.01859894  0.00515648  0.00760502  0.01943526  0.0115892   0.01420598
  0.00585091  0.0075786   0.00158495  0.00297026  0.00523384 -0.00274461
  0.01498752  0.00586812  0.00563243  0.01283578  0.01463282  0.00593271
  0.01192322  0.0080402   0.01803617 -0.00337832  0.01137987  0.00623366
 -0.00413372 -0.00029547  0.01163438  0.00170138  0.00322789  0.01626125
  0.00934427  0.01794811  0.00324587  0.02534815  0.01983903  0.01440515
 -0.0057738   0.02089372  0.01577009 -0.00224561  0.00687154  0.00253346
  0.02717206  0.01116759  0.01287909  0.01833091  0.01267828  0.01265847
 -0.00058289  0.01759507  0.00518643  0.0080294   0.0025452   0.02099889
  0.00871617  0.02687186  0.01512023  0.01421893]"
0.2,"[ 1.57157919e-02  2.18851676e-02  1.03994403e-02  2.62385876e-02
 -1.34693411e-03  4.22994346e-03 -1.26821783e-03 -5.87468873e-04
  1.21171301e-02  2.44922977e-02  8.94284507e-03  4.02079801e-03
  1.21418485e-02  3.58259805e-03  9.87310215e-03  1.77203303e-02
  3.03553183e-02  1.38449959e-02  7.85394139e-03  6.12379073e-03
  1.20349982e-02  1.20754217e-02  1.13080859e-02  1.52063225e-02
  1.28925694e-02  1.41927090e-02  2.90242135e-03  2.67593305e-02
  9.35314276e-03 -3.72844749e-03  8.60722488e-03  7.80039431e-03
  9.81915166e-03  1.59090179e-02  1.07396256e-02 -4.25280159e-05
  1.33200592e-02 -1.84249987e-03 -2.64596461e-03  9.28682767e-03
  7.12707547e-03  3.72617058e-03  1.87795489e-02  5.13113114e-03
  7.72446631e-03  1.96309355e-02  1.17295259e-02  1.42574914e-02
  5.58139604e-03  7.62308732e-03  1.62330654e-03  2.76680649e-03
  5.30839944e-03 -2.96988130e-03  1.51455121e-02  5.90455368e-03
  5.78663630e-03  1.26094509e-02  1.48398854e-02  5.88166073e-03
  1.20172977e-02  8.03913943e-03  1.81366530e-02 -3.59725922e-03
  1.13695689e-02  5.98379384e-03 -4.35689310e-03 -6.17837160e-04
  1.16797624e-02  1.68355745e-03  3.18596787e-03  1.64186518e-02
  9.35007053e-03  1.79633843e-02  3.36630701e-03  2.55228955e-02
  2.00162279e-02  1.45897498e-02 -5.98429874e-03  2.09009732e-02
  1.58846429e-02 -2.49436992e-03  6.89977638e-03  2.23529199e-03
  2.72652749e-02  1.12322043e-02  1.28709915e-02  1.83990667e-02
  1.23855632e-02  1.27448557e-02 -8.47908245e-04  1.76408039e-02
  5.14905676e-03  7.87494725e-03  2.41790600e-03  2.11632957e-02
  8.68262866e-03  2.69920401e-02  1.50353923e-02  1.43105000e-02]"
0.15,"[ 0.01590096  0.02190938  0.01048705  0.0260717  -0.00154561  0.00436712
 -0.00148269 -0.00079055  0.01201235  0.02453643  0.00916246  0.00409856
  0.01232843  0.00349322  0.0099565   0.01798383  0.03017027  0.01398704
  0.00793324  0.00601313  0.01210434  0.01225452  0.01144486  0.01511227
  0.01280659  0.01437237  0.00276314  0.02695005  0.00912864 -0.00406787
  0.00866149  0.00787876  0.00980306  0.01594441  0.01088007 -0.00024778
  0.01312179 -0.00189892 -0.00274833  0.00952361  0.00699182  0.00386351
  0.0189096   0.00507117  0.00793981  0.01978676  0.01160242  0.01433365
  0.00547467  0.00769672  0.00170828  0.00264935  0.00541299 -0.00320204
  0.01530524  0.00590305  0.00585179  0.01242685  0.01499536  0.00587618
  0.01207772  0.00800514  0.01821269 -0.00378087  0.01147523  0.00577477
 -0.00452106 -0.00087144  0.01169029  0.00176123  0.00307634  0.0165292
  0.00922954  0.01807762  0.00351877  0.02566075  0.02019317  0.01472984
 -0.00625423  0.02099135  0.01598428 -0.00273231  0.00698493  0.00198635
  0.02744107  0.01128635  0.01291078  0.01851261  0.01217845  0.01281905
 -0.00112778  0.01767413  0.00521926  0.00773714  0.0023161   0.02127312
  0.0087359   0.02703072  0.01489336  0.01432336]"
0.1,"[ 0.01608614  0.02193359  0.01057466  0.02590482 -0.00174429  0.0045043
 -0.00169717 -0.00099364  0.01190757  0.02458056  0.00938208  0.00417632
  0.01251501  0.00340385  0.0100399   0.01824732  0.02998521  0.01412909
  0.00801253  0.00590248  0.01217368  0.01243362  0.01158163  0.01501822
  0.01272062  0.01455204  0.00262386  0.02714078  0.00890413 -0.0044073
  0.00871576  0.00795712  0.00978697  0.0159798   0.01102052 -0.00045304
  0.01292353 -0.00195533 -0.0028507   0.00976038  0.00685656  0.00400085
  0.01903964  0.00501121  0.00815516  0.01994258  0.01147532  0.01440982
  0.00536794  0.00777035  0.00179325  0.0025319   0.00551759 -0.0034342
  0.01546496  0.00590154  0.00591694  0.01224425  0.01515083  0.00587071
  0.01213815  0.00797113  0.01828874 -0.00396449  0.01158088  0.00556574
 -0.00468522 -0.00112504  0.01170082  0.0018389   0.00296671  0.01663975
  0.00910901  0.01819185  0.00367123  0.02579861  0.02037011  0.01486993
 -0.00652416  0.02108174  0.01608392 -0.00297025  0.00707009  0.00173742
  0.02761687  0.01134049  0.01295057  0.01862615  0.01197134  0.01289324
 -0.00140764  0.01770746  0.00528947  0.00759933  0.0022143   0.02138294
  0.00878917  0.02706939  0.01475133  0.01433622]"
0.05,"[ 0.01627131  0.02195781  0.01066227  0.02573793 -0.00194296  0.00464148
 -0.00191165 -0.00119672  0.01180279  0.02462469  0.00960169  0.00425408
  0.01270159  0.00331447  0.01012329  0.01851082  0.02980016  0.01427114
  0.00809183  0.00579182  0.01224303  0.01261272  0.0117184   0.01492416
  0.01263464  0.01473171  0.00248459  0.0273315   0.00867963 -0.00474672
  0.00877003  0.00803549  0.00977088  0.01601519  0.01116097 -0.0006583
  0.01272526 -0.00201175 -0.00295306  0.00999716  0.0067213   0.0041382
  0.01916969  0.00495125  0.00837051  0.0200984   0.01134822  0.01448598
  0.00526121  0.00784398  0.00187821  0.00241445  0.00562218 -0.00366636
  0.01562468  0.00590003  0.00598209  0.01206164  0.0153063   0.00586523
  0.01219857  0.00793713  0.01836478 -0.0041481   0.01168654  0.00535671
 -0.00484939 -0.00137864  0.01171134  0.00191658  0.00285708  0.0167503
  0.00898848  0.01830608  0.00382369  0.02593646  0.02054706  0.01501002
 -0.00679408  0.02117212  0.01618355 -0.00320818  0.00715524  0.00148848
  0.02779266  0.01139463  0.01299037  0.01873969  0.01176423  0.01296744
 -0.00168751  0.01774078  0.00535968  0.00746152  0.0021125   0.02149276
  0.00884245  0.02710807  0.0146093   0.01434907]"
